"measure","estimate","lower","upper"
"ROR",4.6517054360981,4.03719640274164,5.35975001105473
"PRR",4.58556769048671,3.9891022419631,5.27121887798185
